<?xml version="1.0" encoding="UTF-8"?>
<jcr:root xmlns:sling="http://sling.apache.org/jcr/sling/1.0" xmlns:cq="http://www.day.com/jcr/cq/1.0" xmlns:jcr="http://www.jcp.org/jcr/1.0" xmlns:nt="http://www.jcp.org/jcr/nt/1.0"
    jcr:primaryType="nt:unstructured"
    sling:resourceType="cq/gui/components/authoring/dialog">
    <content
        jcr:primaryType="nt:unstructured"
        sling:resourceType="granite/ui/components/coral/foundation/container">
        <items jcr:primaryType="nt:unstructured">
            <mytabs
                jcr:primaryType="nt:unstructured"
                sling:resourceType="granite/ui/components/coral/foundation/tabs">
                <items jcr:primaryType="nt:unstructured">
                    <tab1
                        jcr:primaryType="nt:unstructured"
                        jcr:title="Tab1"
                        sling:resourceType="granite/ui/components/coral/foundation/container">
                        <items jcr:primaryType="nt:unstructured">
                            <columns
                                jcr:primaryType="nt:unstructured"
                                sling:resourceType="granite/ui/components/coral/foundation/fixedcolumns">
                                <items jcr:primaryType="nt:unstructured">
                                    <column1
                                        jcr:primaryType="nt:unstructured"
                                        sling:resourceType="granite/ui/components/coral/foundation/container">
                                        <items jcr:primaryType="nt:unstructured">
                                            <Textarea
                                                jcr:primaryType="nt:unstructured"
                                                sling:resourceType="granite/ui/components/coral/foundation/form/textarea"
                                                fieldDescription="Text area"
                                                fieldLabel="Text"
                                                name="./Textarea"
                                                required="{Boolean}true"/>
                                            <DropDown
                                                jcr:primaryType="nt:unstructured"
                                                sling:resourceType="granite/ui/components/coral/foundation/form/select"
                                                fieldDescription="OPTIONS"
                                                fieldLabel="option"
                                                name="./dropdown"
                                                required="{Boolean}true">
                                                <items jcr:primaryType="nt:unstructured">
                                                    <value1
                                                        jcr:primaryType="nt:unstructured"
                                                        text="RED"/>
                                                    <value2
                                                        jcr:primaryType="nt:unstructured"
                                                        text="BLACK"/>
                                                    <value3
                                                        jcr:primaryType="nt:unstructured"
                                                        text="GREEN"/>
                                                </items>
                                            </DropDown>
                                        </items>
                                    </column1>
                                </items>
                            </columns>
                        </items>
                    </tab1>
                </items>
            </mytabs>
        </items>
    </content>
</jcr:root>
